Account ID,Private Key,Public Key
ecstatic_jenner@test,b'e955d1b1421edd3f3574d3a7423fe332702139a9472343f34278cf700a4d17f7',2ad202d680636a0993d4cc6a9ba5b1a386386f74733dd9dec3783a6ae58b4913
ecstatic_dubinsky@test,b'e955d1b1421edd3f3574d3a7423fe332702139a9472343f34278cf700a4d17f7',2ad202d680636a0993d4cc6a9ba5b1a386386f74733dd9dec3783a6ae58b4913
quizzical_blackwell@test,b'4908a6f80b8c5265e2bd651b10bf94dd7d1f503817e50b47658463f14d34e3a9',6adab97109c6320f553a773677119065242d7701b977a3651a0b767db73bd7cb
recursing_goose@test,b'9fbe3f5fd6937b548fd22021fb3d26aedf40642be8abd86ef010404ef1d46eea',c413eec3e921994b18143172bef12ba8bac54824021d8e2c149e8997b3d3e59f
angry_neumann@test,b'1270b72d246d1ed608f9e9a30ab05c076523a3d8a3fa1201e2226dc162700dd1',6624d24edf09426f2964b2344e8760eb7e53a58db83d84048f36dd1dbfaf55fe
nifty_leavitt@test,b'7af13d8c7b1a5acdc7b8fe96b4757500d1ce1d70b31f706a08ed22ad59c3d870',3a006e322880c9164f6dfe35aec36fc966e30a34a5fa6b935d4e45ac9fe413aa
happy_raman@test,b'0d882e7bbe04d35cb9d3c60d312af6180143aa0b39dd638175470ccd5166e468',33291afcc8a27fa1be3d84715c2685dba9ce4aab3b4d1341325ad28264d646da
friendly_meninsky@test,b'34154f3a91ebda2bc8bea71ed4a26dae18bad4272ceb7d2dde82964ffac01ef2',b4e0c9a75547507dffd81c22e689a703bd7b9ca7daede6d2dcaead1ad27ff1be
affectionate_ride@test,b'f8e50cb2e18ef17f0268616afa77433b610a1f1d1d0ce18c0d5ad4bd37317524',1f1b7a46287ff201190956fb568a3a427b1a8111cb433e6a1b5d2a87bb5c9cc5
dazzling_pike@test,b'1ae13d95c83b8c2b76ed75c0022415e36790d7e5f2fd5d2df1da54f50dcd209a',9b790638110b0111a14596b1d30574a9dd72e4930ff84ecd73b6f5003797d7f0
