project_id,project_private_key,project_public_key
40713@test,b'51e8c42b5da4f929d8b88bdeaf24bc0521e83aeac37048abda3a25960358ce54',0a89a6c598c62150ad70099345e263218425bfa3be2f06caf8d44d9492840e93
88228@test,b'8837ebc30817495f7f5465c02768f8c151924384e267c56827024e2dbf53fed3',134272b4eb7240e67596624f4b99d4845a796e9727984146d9c814ad2a8a6f72
22324@test,b'cc77b6d9abc3c05d79d18f0d998288165eee77c9d1f5c0cce31f738e94233c8b',a6e10c3d057d9e37b5bd54076ebafc87eaa17d6c00acbad629b65574477919cc
34035@test,b'86818ae3ee1916c807a266d93390556fd5851ebf8bba1b4a5b95ae4a7f3e26e4',001859d8baa279b096ba4b12af171f8fd1f620a1a7a2fbeb476688586a3b624e
8507@test,b'd169106ae1c521fb9094db096666bbb86279c5cdca1fceda27ea62b8ae1c989e',54280cb1c53c04c1468db2fb262cf5e8369287053c60be3405feae274c931ed5
12982@test,b'295dfba99e3de21ac3146438c7f4531134035e61dacffd5081ff23f6fc0c3b38',0b4b6c32a2216cb247c69320085a16c14136d88c918d579bbe10b3bf3c18e8a9
84013@test,b'ff31d517c36519b12fceb95939ffc1ac7b81da33c4536f35c8b5510614b19083',371b2bf014340f3cf64b35bcea75e56823c28f804d8e617bd88e6efeb713aa06
79508@test,b'20b03ec5d7ec7765b4ca2d6c703c3a9d499d81f18a308debfcb1f45eed0b1047',7f7c05d1e18f856211ae24a9d2d3c48ba808be97c996b809236347538c0f2b45
99298@test,b'f6d7404315dac470992da41b4420c6e25d31fd2f903f389cc93cff868385f1a8',29c4571b6376954c10a3db737c81ffaacf784e323c637ea17390a44058fb4ea5
88401@test,b'c090833c01d4a569498830ed5c56e21f9c8e30ab17825cec3b6556ec4d7d7b9f',5f62dffe38966b6ef2dcff6f1ddb1d7a4c9bebd723740cd0dcaf7252d2dbc5fc
38153@test,b'1718d749e2fa43915736250753986f00928f4446470634a8a1e30ec6999dd903',cb6ed8fbfc209bdcbf25ffea7e3bde1780a75b97862c5b19fa50e137ee74b792
86727@test,b'63345070bbbb0517fe00a2e981314c25f01a4b6c11aba0859f086fff19acd344',b0d7bedb532e0fca0c19ee4bb6fb91ee97e5ea11f7f51c082b528435b5cea54c
39616@test,b'00e1c5d3b1e849534f13ff37d9b4861313efaf119ccdcb9c0e0fb028852e0e49',5e31041b0fe11ea158d0c474c07adacc393f748fed0cfc26a0f67401dd465138
71634@test,b'2abd0784c5a093729645135b109cf9ff977b74a2ee596b188d0e385c9053b391',9601dda172d67c1e4267988644a5bd69d01e44bee78cbcae74af916b86e8bfad
95642@test,b'ddbbd2576e58689db1ca7fbf84bb6bec1c7814c903f64556419119e2de80dad7',48f8d3004f3abf36de5ce2fed47e1e5e195296072b6e17cff093a251aa39df7b
53999@test,b'5f6c5058c75c3d35a79781e301ceae8b4b3de9499643e06b67f89596bb21234a',9148ea1e4220576bd4db0a8c1a7a4020d7cd26c62097234c1a000f7aae6870a4
project_id,project_private_key,project_public_key
20023@test,b'4da0c33f16a5a85685d49d20e76d4758cc8ab74a4f9e87e05a9b035ef905dcec',75fc91a302e0693111fedb77ae0ff95318648635a885e6b82f1977a7ab118bcb
01975@test,b'4a9c380919e7f63f18513cedf59366a95c0bccd8722b0b352d4878fb92b4851a',ac07fffad9302af9eb16f4f4a8aa4bde228eebdf442735f27f04c5d4d6fbb786
19802@test,b'7b2d3d4d23520ce05ed06cffb0183b4239a44f7f2f89a419769d646b7438eaa9',7af8c2adfd5e2220805d37842e05b0f530261d48373edd1fc01b4a2366370184
48290@test,b'118abde00dbe2bcc6008145f893f0b2523c97c8743731d2d3b98936011b055c3',82dcf313f7de1d3f70682d0d052be3e8731725ecfb0d95300d65ea3e853f2bc0
25533@test,b'4126e250e226c60a3d3747abf8bb8313204f9bca6a6ffbaf8ba90a877c3f16f6',a3205ed99bb1216f814fab038305a6a249f9775ea69284408ecdc8085110945b
15836@test,b'5d052664fda545c5fb769dec4e6b6164e0c7838c112841f02ac081bb6e3ab9f7',2428569007da9ff0762800f6146801ff0dce0b73528b1804a9dd1e457b49e375
51457@test,b'7d58296dc4bf1b9cc5dcb5d4744738f97b4df78b4f99a56e22ee44cb829c9ff4',45579a560dc697321f60ca255006712db4980fd9995ee779432e7252d18cb93b
41587@test,b'ce866ba924f6b9ba17d0abcc2bf67bcba3d99cb303e436c69ad62afc2a34bbb6',8db5e25b041cc048bc7c623c8915c29155473804b5491907f11c3d7cd8e9480e
90665@test,b'ea5c30501c3d9e64c146d61f8fa85ec181dfe5529f7e21005eadae7b035f9143',4d9790687f35b62fd36b92f0abe63d47e6cfa6d9b0444dafd133cde37320c3f2
58338@test,b'3f489e3c3d7bc2eb90d02ce4d6c3d65aef5e77a4eb12da052fd3479ed3b31aca',4e3cdf5b10b75c1f333199dcd4a3f43d4f195ed47dd0b4162a713d27e1209b0e
22646@test,b'bed5fd3944a42aeeff5ee56527924562092852c0786e8e8a8808fdf5fd33234b',60b2f2c5823c3c9722b6d4938e72e8a4531479efee86bbdd25e3c5c4518d57b8
22671@test,b'9f2da991ac3c3989361b9ad1aa348efeb5b55baf8d6d57c325d612493405e43d',9c2ade7213c4811ea92d7d8be8f833173ada23223f8e74038eded2565373f727
44472@test,b'dc5004fa769bb5f4e2a0bee2594312270d261bce625b15bf2f834a3cbd270b0b',6bc67c1f88f1a21d973423f28f66285eb7bea58c9066fdb2b5a1d095c585fb42
22832@test,b'0b6d97c0b9bc31f4268b382b58ec5197ef0c07bc97ba6a6b09ebd3285892d4fb',e90acb8bc49dd5dbe00e576e60da6002d41c3e4641ae4a914f431f56d01d737d
71096@test,b'0f84db2270961afae706c6ccf35719fa736bd8c728ac982dbf4d56134b65c04d',0dba9d4d86301601731b7e3875817beef3a5bf971fc27e7403ff7e4d38da46b1
69773@test,b'7bf9247c4eb967b4d943f31f647a28b94068bc53a21400ccf3cd3ae01f7cd948',8c8b3ff06ae29685db7c72714fe8c1e8a61645d8065cd5d0f024545736864cfc
86403@test,b'562e468a35457e7cf2332fcce71f9cc1328cfde42b075b98cfb447a5d3179a33',6e68135c8dfea52ab8afa8990ebdfd1c156051f5e0d07be4424259f9785768d1
37890@test,b'ffd170d6117a721c55ea2ea9a18eb55e6536e0db9b101bd31740bc95f7d5ee92',80641b6d6e8023992894896b7d2e57bddedb8840df860aa022746c7a441accf6
74260@test,b'4d55add058d48c83852a45f3a14bf4226e37d63fe86cdbb62d622f2aff441dd8',51dded27f6102cc698a8f877170ec13f99d5334de91bcd4b7a099ce75fea0c13
57473@test,b'c8302b9a6f9bcdfcd143e778485b504fd334ea736e18b48c3df2cb30721ea7a5',6aafb59ad0d9210bbc68c6aed1166c67975191d18ca6881e7c3a942336e84496
